{"noiseKey":{"private":{"type":"Buffer","data":"6KFmaEZG3HxBeaWA075NSCdIKk7cEC6FIMMYGU1b9kk="},"public":{"type":"Buffer","data":"guIYb3JorVzBcgGrjDHGACyirhQstg5fbUhq1vDMzBo="}},"pairingEphemeralKeyPair":{"private":{"type":"Buffer","data":"YHHkQUVWZ4ukFQauWg5LkarfiOBQD5frx1dypnkLQEk="},"public":{"type":"Buffer","data":"bSjbuJ3YorrmMhwwRnYiklKQ06XM59EkpBIbebIB5CY="}},"signedIdentityKey":{"private":{"type":"Buffer","data":"yDFPs/b3UhWe58aTdmbsolzmwJ93j1OqdBR0jmEGNm0="},"public":{"type":"Buffer","data":"DtgF4khIx5kMaESa0NEuQDC0WhWeUwAKWyOe7rSGBg0="}},"signedPreKey":{"keyPair":{"private":{"type":"Buffer","data":"mHhl/pzehWUcZ9sNagnW6IYYn7cIfr77b4CPFpcuAUo="},"public":{"type":"Buffer","data":"8arhBE8rpxULmq1jXOTGqnzCzICNkpaFFFQXh0Gt1RM="}},"signature":{"type":"Buffer","data":"tCswgPn3WaePZ7HCE2h8fEchiehNk9tHLYuDlIgfOboWHic9cdIiVFiD5aj4kiFzjIatl/z/WP6xRpPu/23TCw=="},"keyId":1},"registrationId":238,"advSecretKey":"SQNxc7I8opHlaExRh3k3x5taHxkuD2VpVQ8AF7e2W5k=","processedHistoryMessages":[{"key":{"remoteJid":"2348039874946@s.whatsapp.net","fromMe":true,"id":"BB973B7E52CBCE951ACF2EB99DCAA175"},"messageTimestamp":1722470056},{"key":{"remoteJid":"2348039874946@s.whatsapp.net","fromMe":true,"id":"D401A2BE7D75FBE13440216500A70EB7"},"messageTimestamp":1722470056},{"key":{"remoteJid":"2348039874946@s.whatsapp.net","fromMe":true,"id":"57B903C7E22993CC073C5A415966AFE1"},"messageTimestamp":1722470057},{"key":{"remoteJid":"2348039874946@s.whatsapp.net","fromMe":true,"id":"A9D929FB67C7713A1CA2A3C75854E233"},"messageTimestamp":1722470057}],"nextPreKeyId":31,"firstUnuploadedPreKeyId":31,"accountSyncCounter":1,"accountSettings":{"unarchiveChats":false},"deviceId":"FAuEabCIS5idU5Lo99qUvQ","phoneId":"a3c35183-2d24-4fd9-b3e8-6e4686680d6b","identityId":{"type":"Buffer","data":"3ceqHNuAVxdgw6GhXEYrKrQ7/QQ="},"registered":true,"backupToken":{"type":"Buffer","data":"5uI7cymPJvIoeup3FUpvnibpAFk="},"registration":{},"pairingCode":"RK2EATL8","me":{"id":"2348039874946:1@s.whatsapp.net","name":"Ko","lid":"203431662874754:1@lid"},"account":{"details":"CLGwlPsEEKKdq7UGGAEgACgA","accountSignatureKey":"sIt4AmgdIzh+Ty8SlPGWO14y5CTt/JT9bbfDEuEd52M=","accountSignature":"PHLL/l15ga4f5ykEpXvHbqLLdS+LiYf9iGI+BQ4Lo1SN2BaC7Ta3kj7L/QG/l06S/Ntdc/X85vE6ZCWcDVu8Bw==","deviceSignature":"3VhPyhTF2xVLwJd5VPZn3oR3VOl9zygtFUKF5B4p4ChgOPu3kE1OrwHo7bV1KeNv3je2Om70kmjUbrmOOiL+CA=="},"signalIdentities":[{"identifier":{"name":"2348039874946:1@s.whatsapp.net","deviceId":0},"identifierKey":{"type":"Buffer","data":"BbCLeAJoHSM4fk8vEpTxljteMuQk7fyU/W23wxLhHedj"}}],"platform":"smba","lastAccountSyncTimestamp":1722470053,"myAppStateKeyId":"AAAAAIa3"}